{
  "settings": {
    "n_states": 5,
    "max_iter": 20
  },
  "single_gaussian": {
    "n_mixtures": 1,
    "accuracy": 80.0,
    "confusion_matrix": [
      [
        13,
        0,
        1,
        1,
        2,
        0,
        0,
        3,
        0,
        0
      ],
      [
        0,
        17,
        0,
        0,
        1,
        0,
        0,
        0,
        0,
        2
      ],
      [
        2,
        1,
        11,
        4,
        1,
        0,
        0,
        0,
        0,
        1
      ],
      [
        0,
        0,
        0,
        18,
        2,
        0,
        0,
        0,
        0,
        0
      ],
      [
        0,
        0,
        0,
        0,
        20,
        0,
        0,
        0,
        0,
        0
      ],
      [
        0,
        0,
        0,
        0,
        1,
        19,
        0,
        0,
        0,
        0
      ],
      [
        0,
        0,
        0,
        0,
        0,
        0,
        19,
        1,
        0,
        0
      ],
      [
        1,
        1,
        1,
        0,
        1,
        1,
        2,
        11,
        1,
        1
      ],
      [
        2,
        1,
        0,
        1,
        0,
        0,
        0,
        1,
        13,
        2
      ],
      [
        0,
        0,
        0,
        0,
        0,
        1,
        0,
        0,
        0,
        19
      ]
    ],
    "per_digit": {
      "0": {
        "accuracy": 65.0,
        "correct": 13,
        "total": 20
      },
      "1": {
        "accuracy": 85.0,
        "correct": 17,
        "total": 20
      },
      "2": {
        "accuracy": 55.00000000000001,
        "correct": 11,
        "total": 20
      },
      "3": {
        "accuracy": 90.0,
        "correct": 18,
        "total": 20
      },
      "4": {
        "accuracy": 100.0,
        "correct": 20,
        "total": 20
      },
      "5": {
        "accuracy": 95.0,
        "correct": 19,
        "total": 20
      },
      "6": {
        "accuracy": 95.0,
        "correct": 19,
        "total": 20
      },
      "7": {
        "accuracy": 55.00000000000001,
        "correct": 11,
        "total": 20
      },
      "8": {
        "accuracy": 65.0,
        "correct": 13,
        "total": 20
      },
      "9": {
        "accuracy": 95.0,
        "correct": 19,
        "total": 20
      }
    }
  },
  "gmm": {
    "n_mixtures": 4,
    "accuracy": 99.0,
    "confusion_matrix": [
      [
        20,
        0,
        0,
        0,
        0,
        0,
        0,
        0,
        0,
        0
      ],
      [
        0,
        20,
        0,
        0,
        0,
        0,
        0,
        0,
        0,
        0
      ],
      [
        2,
        0,
        18,
        0,
        0,
        0,
        0,
        0,
        0,
        0
      ],
      [
        0,
        0,
        0,
        20,
        0,
        0,
        0,
        0,
        0,
        0
      ],
      [
        0,
        0,
        0,
        0,
        20,
        0,
        0,
        0,
        0,
        0
      ],
      [
        0,
        0,
        0,
        0,
        0,
        20,
        0,
        0,
        0,
        0
      ],
      [
        0,
        0,
        0,
        0,
        0,
        0,
        20,
        0,
        0,
        0
      ],
      [
        0,
        0,
        0,
        0,
        0,
        0,
        0,
        20,
        0,
        0
      ],
      [
        0,
        0,
        0,
        0,
        0,
        0,
        0,
        0,
        20,
        0
      ],
      [
        0,
        0,
        0,
        0,
        0,
        0,
        0,
        0,
        0,
        20
      ]
    ],
    "per_digit": {
      "0": {
        "accuracy": 100.0,
        "correct": 20,
        "total": 20
      },
      "1": {
        "accuracy": 100.0,
        "correct": 20,
        "total": 20
      },
      "2": {
        "accuracy": 90.0,
        "correct": 18,
        "total": 20
      },
      "3": {
        "accuracy": 100.0,
        "correct": 20,
        "total": 20
      },
      "4": {
        "accuracy": 100.0,
        "correct": 20,
        "total": 20
      },
      "5": {
        "accuracy": 100.0,
        "correct": 20,
        "total": 20
      },
      "6": {
        "accuracy": 100.0,
        "correct": 20,
        "total": 20
      },
      "7": {
        "accuracy": 100.0,
        "correct": 20,
        "total": 20
      },
      "8": {
        "accuracy": 100.0,
        "correct": 20,
        "total": 20
      },
      "9": {
        "accuracy": 100.0,
        "correct": 20,
        "total": 20
      }
    }
  }
}